threshold,fpr,recall
0.997961025811502,0.0,0.0007656967840735069
0.9970382422558682,0.0,0.0017866258295048494
0.9968893609322497,0.0,0.003318019397651863
0.9961329129705916,0.0,0.005615109749872384
0.9956316291694537,0.0,0.007656967840735069
0.9954853964234034,0.0,0.007912200102092905
0.995405273495654,0.0,0.008422664624808576
0.9938769261099405,0.0,0.009188361408882083
0.993442032460232,0.00020300446609825416,0.011230219499744768
0.9930744900654254,0.00020300446609825416,0.01174068402246044
0.9930499862043579,0.00020300446609825416,0.012506380806533947
0.9924564656520883,0.0004060089321965083,0.015058703420112302
0.9923990702978803,0.0004060089321965083,0.015313935681470138
0.9921107452369096,0.0004060089321965083,0.016079632465543645
0.9919951601249448,0.0004060089321965083,0.01633486472690148
0.9919523800784174,0.0004060089321965083,0.018887187340479835
0.9917633284301266,0.0004060089321965083,0.01914241960183767
0.9905289166339978,0.0004060089321965083,0.020163348647269014
0.990284626721307,0.0004060089321965083,0.020673813169984685
0.9902819725403311,0.0004060089321965083,0.021949974476773864
0.9902532059253971,0.0004060089321965083,0.0222052067381317
0.9902520558048333,0.0004060089321965083,0.023226135783563043
0.9902261439525886,0.0004060089321965083,0.02348136804492088
0.9899107690628426,0.0004060089321965083,0.025012761613067893
0.989731599739622,0.0004060089321965083,0.02526799387442573
0.9895717866897882,0.0004060089321965083,0.026544155181214904
0.9894733841828384,0.0004060089321965083,0.027054619703930576
0.9893761532651884,0.0004060089321965083,0.02730985196528841
0.9891273293685349,0.0004060089321965083,0.027820316488004083
0.9889771308597086,0.0004060089321965083,0.02807554874936192
0.9887289840997,0.0006090133982947625,0.031138335885655948
0.988245110148407,0.0006090133982947625,0.03190403266972945
0.988217923748028,0.0006090133982947625,0.032924961715160794
0.9881733223856115,0.0006090133982947625,0.033435426237876466
0.9881197661320898,0.0006090133982947625,0.03445635528330781
0.9880581394146307,0.0006090133982947625,0.03522205206738132
0.9877638670327353,0.0006090133982947625,0.03624298111281266
0.9876549950288598,0.0006090133982947625,0.036753445635528334
0.987489443293236,0.0006090133982947625,0.037263910158244005
0.9873853847692896,0.0006090133982947625,0.03854007146503318
0.987347999905998,0.0006090133982947625,0.03879530372639101
0.9871609145160066,0.0006090133982947625,0.039561000510464524
0.9868285383246672,0.0006090133982947625,0.039816232771822356
0.9868035266676765,0.0006090133982947625,0.04032669729453803
0.9862217459664631,0.0006090133982947625,0.04058192955589587
0.9860576842284969,0.0006090133982947625,0.04134762633996937
0.9860522828219384,0.0006090133982947625,0.04185809086268504
0.9859398785880156,0.0006090133982947625,0.045941807044410414
0.9856237566634456,0.0006090133982947625,0.0479836651352731
0.9855435263670921,0.0006090133982947625,0.05028075548749362
0.985484353181072,0.0006090133982947625,0.05104645227156713
0.985369927350382,0.0008120178643930166,0.05359877488514548
0.9852821219245415,0.0008120178643930166,0.05461970393057682
0.9852030525858473,0.0010150223304912708,0.05538540071465033
0.9846297148307148,0.0010150223304912708,0.056406329760081676
0.9845440772698482,0.001218026796589525,0.05742725880551302
0.9843934599134454,0.001218026796589525,0.05768249106687085
0.983938648644189,0.001218026796589525,0.06100051046452271
0.9838636214329837,0.001218026796589525,0.061766207248596224
0.9838437912705027,0.001218026796589525,0.06278713629402756
0.9837209237928747,0.001218026796589525,0.06457376212353241
0.983638822744204,0.001218026796589525,0.0666156202143951
0.9835935467197335,0.001218026796589525,0.06840224604389995
0.9832562706366977,0.001218026796589525,0.06865747830525779
0.9818725960154003,0.001218026796589525,0.07069933639612047
0.9816843244707586,0.001218026796589525,0.0709545686574783
0.9816244257862919,0.001218026796589525,0.07172026544155181
0.981058268950038,0.001218026796589525,0.07223072996426748
0.9809286371243178,0.001218026796589525,0.07248596222562532
0.9808201054054274,0.001218026796589525,0.07325165900969882
0.9807579501491547,0.001218026796589525,0.07350689127105667
0.9807121876692959,0.001218026796589525,0.07478305257784584
0.9803686078858633,0.001218026796589525,0.07529351710056151
0.9803554970958618,0.001218026796589525,0.07605921388463502
0.9785169061470637,0.001218026796589525,0.0773353751914242
0.9778599083867234,0.001218026796589525,0.07835630423685554
0.9775203219559309,0.001218026796589525,0.07861153649821337
0.977370682977986,0.001218026796589525,0.07937723328228688
0.976961206767614,0.001218026796589525,0.08039816232771822
0.9764528626557997,0.001218026796589525,0.08065339458907606
0.9762949049198559,0.001218026796589525,0.08116385911179173
0.9761380135221706,0.001218026796589525,0.08141909137314957
0.9760609420582566,0.001218026796589525,0.08192955589586524
0.9760609088880288,0.001218026796589525,0.08295048494129657
0.9756857108674757,0.001218026796589525,0.08346094946401225
0.9755308766910333,0.001218026796589525,0.08422664624808576
0.9753869683550123,0.001218026796589525,0.0844818785094436
0.9753279071470773,0.001218026796589525,0.0860132720775906
0.9752989726908353,0.001218026796589525,0.08703420112302195
0.9751352837322379,0.0014210312626877792,0.08703420112302195
0.9747715682250601,0.0014210312626877792,0.08728943338437979
0.9745596336397523,0.0014210312626877792,0.08779989790709546
0.9726077976756319,0.0014210312626877792,0.08984175599795814
0.9717919598663465,0.0014210312626877792,0.09086268504338949
0.9715162355184297,0.0014210312626877792,0.09137314956610515
0.971312288330264,0.0014210312626877792,0.091628381827463
0.9710790934174485,0.0016240357287860333,0.091628381827463
0.9704558068842942,0.0016240357287860333,0.09494640122511486
0.9696231974339932,0.0016240357287860333,0.09749872383869321
0.9693813763882185,0.0016240357287860333,0.09903011740684023
0.9690142266560591,0.0016240357287860333,0.09928534966819806
0.9687125850065912,0.0016240357287860333,0.10132720775906075
0.9686388024047935,0.0016240357287860333,0.10158244002041858
0.9675368948108785,0.0016240357287860333,0.10515569167942827
0.9673517096488894,0.0016240357287860333,0.10541092394078612
0.9669439714053253,0.0016240357287860333,0.10872894333843798
0.9668642552074342,0.0016240357287860333,0.11051556916794283
0.9668539469962083,0.0016240357287860333,0.11153649821337418
0.9663349733977091,0.0016240357287860333,0.11179173047473201
0.9660439815566911,0.0016240357287860333,0.11332312404287902
0.965475840313102,0.0016240357287860333,0.11562021439509954
0.9653221259951063,0.0016240357287860333,0.11842776927003573
0.965130844359811,0.0016240357287860333,0.11944869831546708
0.963595173425762,0.0016240357287860333,0.11995916283818274
0.9635647224194838,0.0016240357287860333,0.12072485962225625
0.9634635042980412,0.0016240357287860333,0.12098009188361408
0.9633600901436704,0.0016240357287860333,0.1217457886676876
0.9630027909107723,0.0016240357287860333,0.12225625319040327
0.9612642644290197,0.0016240357287860333,0.12276671771311894
0.9607622142215425,0.0016240357287860333,0.1260847371107708
0.9601477594412318,0.0016240357287860333,0.12633996937212863
0.9596664723056455,0.0016240357287860333,0.12685043389484432
0.9594262400523048,0.0018270401948842874,0.12736089841756
0.9593859972408417,0.0018270401948842874,0.12787136294027565
0.9591229784786086,0.0018270401948842874,0.1281265952016335
0.9583911941697223,0.0018270401948842874,0.12940275650842267
0.9581585404391069,0.0020300446609825416,0.12940275650842267
0.9577859856799606,0.0020300446609825416,0.12991322103113834
0.9575944363417119,0.0020300446609825416,0.13016845329249618
0.9573510827611655,0.0032480714575720666,0.13501786625829504
0.9573257568594892,0.0032480714575720666,0.13552833078101073
0.9565052185731249,0.0032480714575720666,0.13808065339458908
0.9563643512296918,0.0032480714575720666,0.13859111791730475
0.956116168640488,0.0032480714575720666,0.1388463501786626
0.9550943017830237,0.0032480714575720666,0.14063297600816743
0.9545213442281999,0.0032480714575720666,0.1411434405308831
0.9534588860330535,0.0032480714575720666,0.1419091373149566
0.9521905201260619,0.0032480714575720666,0.14216436957631445
0.9519625997373257,0.0032480714575720666,0.14293006636038796
0.9516822226444529,0.0032480714575720666,0.14344053088310363
0.9494403759232124,0.0032480714575720666,0.14446145992853496
0.9493855174029021,0.003451075923670321,0.14599285349668198
0.9481806129774126,0.003451075923670321,0.14726901480347115
0.9480724632961984,0.003451075923670321,0.14880040837161818
0.947287873768207,0.003451075923670321,0.14905564063297602
0.9471016421459351,0.003451075923670321,0.15160796324655437
0.9465964441820189,0.005075111652456354,0.17789688616641144
0.9456374707103449,0.005075111652456354,0.17891781521184277
0.9452866538404524,0.005075111652456354,0.17917304747320062
0.945181052956634,0.006496142915144133,0.2026544155181215
0.9449885890063967,0.006496142915144133,0.2029096477794793
0.9445675134197328,0.006496142915144133,0.20367534456355282
0.94450885108603,0.006496142915144133,0.20393057682491067
0.9444662699311166,0.006496142915144133,0.20469627360898418
0.9442502117516802,0.006496142915144133,0.204951505870342
0.9438524753625361,0.006496142915144133,0.2057172026544155
0.9430842714939253,0.007714169711733658,0.23251659009698825
0.9425385342952401,0.007714169711733658,0.2327718223583461
0.9424255985389309,0.007714169711733658,0.23328228688106176
0.9421491554006347,0.007714169711733658,0.2335375191424196
0.9419623401992356,0.008729192042224929,0.25803981623277183
0.9402988878309805,0.008729192042224929,0.25829504849412965
0.9396625527551906,0.008932196508323184,0.25880551301684535
0.9396625450942687,0.008932196508323184,0.25906074527820316
0.9386116767057738,0.0097442143727162,0.28586013272077593
0.9383035781882277,0.0097442143727162,0.28611536498213375
0.9382001797508592,0.0097442143727162,0.2871362940275651
0.9376392078515715,0.0097442143727162,0.28764675855028077
0.9367455228977494,0.010962241169305725,0.3014293006636039
0.9365516688183446,0.010962241169305725,0.30193976518631954
0.9361019127657676,0.010962241169305725,0.30219499744767736
0.9359603366404561,0.010962241169305725,0.30321592649310875
0.9359443701494503,0.010962241169305725,0.30347115875446656
0.9355410820730917,0.010962241169305725,0.30474732006125577
0.9341617711327056,0.010962241169305725,0.3060234813680449
0.9341252123407442,0.010962241169305725,0.3067891781521184
0.9340003307312034,0.010962241169305725,0.3072996426748341
0.9338628827787312,0.011571254567600487,0.312149055640633
0.9338519135931349,0.011571254567600487,0.3124042879019908
0.9334180018545786,0.011571254567600487,0.3129147524247065
0.9303059591236209,0.011571254567600487,0.31342521694742215
0.9301698634509389,0.011571254567600487,0.31419091373149566
0.9290723358473602,0.011571254567600487,0.31470137825421135
0.9277643444127369,0.011774259033698742,0.31495661051556917
0.9276275042370996,0.011774259033698742,0.31546707503828486
0.9275440500821677,0.011774259033698742,0.3157223072996427
0.9272780988897751,0.012586276898091758,0.3302705461970393
0.9272335085924321,0.012586276898091758,0.33078101071975496
0.9270864807079205,0.01319529029638652,0.33996937212863704
0.9265108598197118,0.013804303694681283,0.35068912710566613
0.9257512148571969,0.013804303694681283,0.350944359367024
0.9252493225526911,0.014007308160779537,0.350944359367024
0.9238949977567229,0.014007308160779537,0.35145482388973964
0.9233915885633388,0.014007308160779537,0.35196528841245533
0.9233902860437783,0.014210312626877792,0.35222052067381315
0.9232116700365932,0.014819326025172554,0.35706993363961204
0.9231387943830563,0.015022330491270807,0.3573251659009699
0.9229955008818584,0.015022330491270807,0.35758039816232773
0.9227265174978146,0.01563134388956557,0.3739152628892292
0.9201714244424088,0.01563134388956557,0.37417049515058703
0.9196008939535765,0.01563134388956557,0.3746809596733027
0.9192666411270852,0.01563134388956557,0.37570188871873406
0.9192359675334419,0.015834348355663823,0.3772332822868811
0.9186185361384043,0.015834348355663823,0.3774885145482389
0.9181109608685353,0.016240357287860333,0.3831036242981113
0.9177556162583231,0.016240357287860333,0.3838693210821848
0.9176040344637828,0.016240357287860333,0.38437978560490044
0.917040771108714,0.016240357287860333,0.38514548238897395
0.9164351660527399,0.016240357287860333,0.38565594691168964
0.914635135468654,0.016240357287860333,0.38642164369576315
0.9142951695713964,0.016240357287860333,0.38693210821847884
0.9141711392929345,0.016240357287860333,0.388208269525268
0.9128239635085742,0.016240357287860333,0.3889739663093415
0.912806751999997,0.016240357287860333,0.3894844308320572
0.9126669617328793,0.016443361753958587,0.3945890760592139
0.9111520487637366,0.016443361753958587,0.3948443083205717
0.9097215646572583,0.016849370686155097,0.39586523736600304
0.9096129735704558,0.016849370686155097,0.39637570188871873
0.9085583234098005,0.01705237515225335,0.40352220520673815
0.9084961684676505,0.01705237515225335,0.40377743746809597
0.908283390040128,0.017255379618351604,0.40377743746809597
0.9069033105204117,0.017255379618351604,0.4047983665135273
0.9039738117402103,0.017255379618351604,0.4060745278203165
0.9039499712682774,0.017255379618351604,0.40684022460439
0.9021737781498405,0.017255379618351604,0.40709545686574783
0.9020211681511592,0.017255379618351604,0.40913731495661054
0.9016811562903299,0.017255379618351604,0.40939254721796836
0.9013579642137033,0.017458384084449857,0.40939254721796836
0.9002533670700441,0.017458384084449857,0.4096477794793262
0.8995580310618934,0.01766138855054811,0.41015824400204187
0.8990377818967155,0.01766138855054811,0.411434405308831
0.8983811467002566,0.01766138855054811,0.41858090862685043
0.8972959350240305,0.01766138855054811,0.4218989280245023
0.8934941730203717,0.01766138855054811,0.42649310872894336
0.8929710690156366,0.01766138855054811,0.4267483409903012
0.8912832253403232,0.01766138855054811,0.4280245022970903
0.8873742734099548,0.01766138855054811,0.42930066360387953
0.8851700077113933,0.017864393016646368,0.4298111281265952
0.8845544850032668,0.01806739748274462,0.43159775395610006
0.882129351708182,0.01806739748274462,0.4321082184788157
0.8817117427979843,0.018270401948842874,0.43236345074017357
0.8810362547732409,0.018270401948842874,0.4326186830015314
0.8802321615358867,0.018270401948842874,0.4331291475242471
0.8802193137579846,0.018473406414941128,0.4338948443083206
0.8715782436880702,0.018473406414941128,0.43542623787646756
0.8707409362429813,0.018473406414941128,0.43593670239918325
0.8642058852585854,0.018473406414941128,0.4377233282286881
0.8635520043639299,0.018473406414941128,0.4387442572741195
0.8628705841387881,0.018473406414941128,0.4389994895354773
0.8622760677972369,0.01867641088103938,0.4389994895354773
0.858537205696165,0.01867641088103938,0.43950995405819293
0.8574128186598062,0.01867641088103938,0.4400204185809086
0.856086054838832,0.01867641088103938,0.4412965798876978
0.8524753418276437,0.01867641088103938,0.44206227667177134
0.8520933989273846,0.01867641088103938,0.442572741194487
0.8505841951396488,0.01867641088103938,0.4428279734558448
0.8502182664712348,0.018879415347137638,0.4428279734558448
0.845048976314236,0.018879415347137638,0.4446145992853497
0.8377890871921401,0.018879415347137638,0.4461459928534967
0.8376903427131219,0.019285424279334145,0.4461459928534967
0.8375150576184198,0.020706455542021926,0.44946401225114857
0.8349068096708382,0.020706455542021926,0.4499744767738642
0.83486545615051,0.020706455542021926,0.4504849412965799
0.8340960123575636,0.020706455542021926,0.45099540581929554
0.8312560468983566,0.021112464474218433,0.45227156712608474
0.8308757206016858,0.021112464474218433,0.45252679938744256
0.8288819084964639,0.02476654486398701,0.4686064318529862
0.8285892556608391,0.02476654486398701,0.46886166411434405
0.8271428116844656,0.024969549330085262,0.46911689637570186
0.8245228824230163,0.024969549330085262,0.47013782542113325
0.8245071475507478,0.025172553796183515,0.4706482899438489
0.8239875956295974,0.02537555826228177,0.47090352220520676
0.8233821913470039,0.02537555826228177,0.4711587544665646
0.8212830892584029,0.025578562728380026,0.4721796835119959
0.8209939485388404,0.029029638652050344,0.4887697805002552
0.8178253325082475,0.029029638652050344,0.4895354772843287
0.8178216519444647,0.029232643118148598,0.4900459418070444
0.8177581297249875,0.029638652050345108,0.4908116385911179
0.8177193455806849,0.03207470564352416,0.5048494129657989
0.8172862617578489,0.03207470564352416,0.5051046452271567
0.8162645121763668,0.032480714575720666,0.5051046452271567
0.8129480439948499,0.032480714575720666,0.5056151097498723
0.8116813857210344,0.032480714575720666,0.5063808065339459
0.8108798522722858,0.032480714575720666,0.5074017355793773
0.8096828061436848,0.03552578156719448,0.5267993874425727
0.8094938811702012,0.035728786033292735,0.5278203164880041
0.809101315747933,0.035728786033292735,0.5283307810107197
0.8084549191556615,0.035728786033292735,0.5285860132720775
0.8061357823799136,0.037758830694275276,0.5441551812149056
0.8040881999740386,0.037758830694275276,0.5446656457376212
0.802782076854978,0.037961835160373526,0.5464522715671261
0.7981755958401681,0.037961835160373526,0.5477284328739153
0.7980558092248046,0.03816483962647178,0.5479836651352731
0.7970585781400981,0.03816483962647178,0.5484941296579887
0.7965520513422486,0.0389768574908648,0.5525778458397141
0.7945589860242156,0.0389768574908648,0.552833078101072
0.7943764566423006,0.039179861956963054,0.5535987748851455
0.7931444380203372,0.03938286642306131,0.5538540071465033
0.7908970140742926,0.03938286642306131,0.5546197039305768
0.7908857725275,0.040194884287454324,0.55895865237366
0.7888812584361101,0.040194884287454324,0.5592138846350179
0.7864821366114767,0.04060089321965083,0.5625319040326697
0.785312401947234,0.04060089321965083,0.5627871362940275
0.7847730141128332,0.04060089321965083,0.5643185298621746
0.7842745706644163,0.04060089321965083,0.5648289943848902
0.7824319049180427,0.04242793341453512,0.5719754977029097
0.7823445659329571,0.044457978075517664,0.580653394589076
0.7806334808907238,0.044457978075517664,0.5809086268504339
0.7803176696836773,0.046691027202598455,0.5898417559979582
0.7778521040947394,0.046691027202598455,0.5908626850433895
0.7778440946104026,0.04831506293138449,0.5985196528841246
0.7757125628644388,0.04831506293138449,0.5990301174068402
0.775637421785611,0.04831506293138449,0.5997958141909138
0.7754358563282,0.048518067397482746,0.6003062787136294
0.7748407120179691,0.048518067397482746,0.6005615109749872
0.7733294442177646,0.048518067397482746,0.6010719754977029
0.773122349329582,0.04892407632967925,0.6046452271567127
0.7717517570426751,0.04892407632967925,0.6049004594180705
0.7716180490421329,0.04933008526187576,0.6100051046452272
0.7707571574188106,0.04933008526187576,0.610260336906585
0.7699327939601522,0.04933008526187576,0.6110260336906586
0.7692731927163413,0.050954120990661794,0.6202143950995406
0.7649819092028827,0.050954120990661794,0.621235324144972
0.7614023901792949,0.05115712545676005,0.6220010209290454
0.7606183488069627,0.05115712545676005,0.622511485451761
0.7592254861592623,0.05115712545676005,0.6232771822358346
0.7559648865151983,0.05115712545676005,0.6237876467585503
0.7546887199574419,0.05115712545676005,0.6245533435426238
0.7536364572648847,0.05217214778725132,0.6248085758039816
0.752719481658955,0.05217214778725132,0.6253190403266973
0.73984006962121,0.05217214778725132,0.6265952016334865
0.7386392374135764,0.05278116118554608,0.6271056661562021
0.7374004534122344,0.052984165651644335,0.6271056661562021
0.7361575145779464,0.0535931790499391,0.6271056661562021
0.7334590598505377,0.0535931790499391,0.6276161306789179
0.7333939974235824,0.0535931790499391,0.6286370597243491
0.7277150851611648,0.0535931790499391,0.6291475242470649
0.7266203099685781,0.053999187982135606,0.6294027565084227
0.7258007990529164,0.05440519691433211,0.6294027565084227
0.7224949877161393,0.05440519691433211,0.6299132210311383
0.7202644717451249,0.05460820138043037,0.6299132210311383
0.7138329968196063,0.05460820138043037,0.6311893823379275
0.7103620143852755,0.05460820138043037,0.6316998468606432
0.7033409607471292,0.055420219244823384,0.6329760081674324
0.7009061135277301,0.05562322371092164,0.633486472690148
0.7008968792633987,0.05562322371092164,0.6337417049515058
0.695903790129771,0.05602923264311815,0.6342521694742216
0.6874100292137723,0.056232237109216404,0.6347626339969372
0.6864956930381482,0.05684125050751117,0.6365492598264421
0.6864168157172601,0.05684125050751117,0.6375701888718734
0.685807307849561,0.05704425497360942,0.6380806533945891
0.6846346517622718,0.05765326837190418,0.6396120469627361
0.678694008017172,0.05765326837190418,0.6401225114854517
0.6775575020959905,0.05805927730410069,0.6416539050535988
0.6726793506795364,0.058465286236297195,0.6416539050535988
0.6695569694561536,0.058465286236297195,0.6421643695763144
0.6683753481380472,0.05907429963459196,0.6434405308831036
0.6678785646263934,0.059480308566788466,0.6449719244512506
0.6676096836873612,0.06313438895655704,0.6513527309851965
0.6659306729641231,0.06313438895655704,0.6523736600306279
0.6644692845885186,0.06313438895655704,0.6526288922919857
0.6634846956621864,0.06394640682095006,0.6533945890760592
0.6633475890598811,0.0655704425497361,0.6559469116896376
0.6626544358430796,0.06638246041412911,0.6569678407350689
0.6617330495039475,0.06719447827852212,0.6574783052577846
0.6612359023856946,0.06800649614291514,0.6582440020418581
0.6612326696181667,0.07044254973609419,0.6628381827462991
0.65947917423346,0.07044254973609419,0.6633486472690148
0.6590527901225451,0.07409663012586278,0.6707503828483921
0.6569765504182931,0.07409663012586278,0.6710056151097499
0.6499851215946082,0.07429963459196103,0.6712608473711077
0.6484556708129111,0.07531465692245229,0.6730474732006125
0.6478408211203943,0.07551766138855055,0.6730474732006125
0.6437671114600642,0.07612667478684532,0.6753445635528331
0.6436514393199378,0.07673568818514007,0.6761102603369066
0.6390990716082007,0.07876573284612262,0.6822358346094947
0.638456872606028,0.07896873731222087,0.6824910668708525
0.6368176325235488,0.07998375964271214,0.6845329249617151
0.6334048433415234,0.0805927730410069,0.6852986217457887
0.6313612481216601,0.08079577750710516,0.6858090862685043
0.6279850458596544,0.08099878197320341,0.6858090862685043
0.6255446834242652,0.08120178643930166,0.6860643185298622
0.6236711477526942,0.08262281770198944,0.6921898928024502
0.6203664715110662,0.08262281770198944,0.6929555895865237
0.6201586653853444,0.08363784003248072,0.6952526799387443
0.61556786341802,0.08363784003248072,0.6960183767228177
0.6134480583510544,0.08384084449857897,0.6960183767228177
0.6099519812507956,0.08404384896467722,0.6978050025523226
0.6095670529426728,0.08444985789687373,0.6978050025523226
0.6080635256395385,0.08465286236297198,0.6980602348136804
0.6050270630347917,0.0850588712951685,0.6990811638591118
0.6004057750613387,0.08526187576126674,0.6995916283818274
0.6001523536219476,0.08526187576126674,0.700357325165901
0.5999351806642053,0.08566788469346326,0.7016334864726902
0.5995257296759664,0.08566788469346326,0.701888718734048
0.5972464918958509,0.08587088915956151,0.701888718734048
0.5969918984204917,0.08627689809175802,0.7023991832567636
0.5930901893037478,0.08668290702395452,0.703420112302195
0.5896587952761925,0.08668290702395452,0.7039305768249107
0.5893124274105701,0.08911896061713358,0.7069933639612047
0.5885621301947601,0.08932196508323183,0.7077590607452782
0.5883366676298241,0.08952496954933009,0.7077590607452782
0.5850636998843503,0.09013398294762484,0.7077590607452782
0.5846289541974251,0.09013398294762484,0.7085247575293517
0.5845772406652309,0.09053999187982135,0.7098009188361409
0.583903706017638,0.09114900527811612,0.7105666156202144
0.5829422668560825,0.09135200974421437,0.7105666156202144
0.5816397967750068,0.09155501421031263,0.7108218478815722
0.5784108001351774,0.09155501421031263,0.71107708014293
0.5772172733909567,0.09358505887129517,0.7136294027565084
0.5743575346817529,0.09358505887129517,0.7138846350178663
0.5736199578805836,0.09419407226958994,0.7143950995405819
0.5724642202556403,0.09419407226958994,0.7146503318019398
0.5686885952402081,0.09439707673568819,0.7146503318019398
0.5683701555557417,0.09439707673568819,0.7149055640632976
0.5674905434987114,0.09460008120178644,0.7161817253700867
0.5644108614787673,0.09460008120178644,0.7166921898928025
0.5629567771815281,0.09460008120178644,0.7174578866768759
0.5629541715556552,0.09581810799837596,0.7192445125063808
0.562298968864359,0.09622411693057248,0.7194997447677386
0.5614019747976751,0.0978481526593585,0.722052067381317
0.5585190998136929,0.0978481526593585,0.7223072996426748
0.5538584300126231,0.09805115712545676,0.7223072996426748
0.553701462016198,0.09805115712545676,0.7228177641653905
0.5527718105194639,0.09845716605765327,0.7238386932108218
0.5523495130041812,0.09845716605765327,0.7240939254721797
0.5518540473360155,0.09866017052375152,0.7240939254721797
0.5484196659961144,0.09926918392204628,0.7256253190403267
0.5478440127452423,0.09947218838814453,0.7256253190403267
0.5451436451421637,0.09947218838814453,0.7258805513016845
0.5443542722689175,0.0996751928542428,0.7261357835630423
0.5435401053904387,0.1000812017864393,0.7266462480857581
0.5415419134910271,0.10069021518473406,0.7271567126084737
0.5400392248528091,0.10109622411693057,0.7271567126084737
0.5372755559983206,0.10109622411693057,0.7274119448698315
0.536356642237323,0.10129922858302882,0.7281776416539051
0.5360364592010199,0.10129922858302882,0.7284328739152629
0.5336911623685487,0.10190824198132359,0.7289433384379785
0.5327483770878925,0.10596833130328867,0.733027054619704
0.5302188876983859,0.10596833130328867,0.7332822868810618
0.5279855524252867,0.10921640276086074,0.7366003062787136
0.527504110832126,0.10941940722695899,0.7368555385400715
0.5268821638474144,0.10941940722695899,0.7371107708014293
0.5257486457888129,0.10962241169305725,0.7371107708014293
0.5213546346445738,0.10962241169305725,0.7373660030627871
0.520994441987374,0.10962241169305725,0.7386421643695763
0.5172519831767992,0.1098254161591555,0.7386421643695763
0.5151293853964947,0.110231425091352,0.7394078611536499
0.5147719871368686,0.11084043848964677,0.7424706482899438
0.5106917960632574,0.11144945188794153,0.7424706482899438
0.510504822336094,0.1120584652862363,0.7424706482899438
0.5096714773393926,0.1120584652862363,0.7429811128126595
0.5069027047070637,0.11266747868453106,0.7432363450740174
0.5066305160173773,0.11510353227771011,0.7470648289943849
0.5036591994018,0.11794559480308567,0.7514037774374681
0.5019452728175084,0.11814859926918392,0.7519142419601837
0.499011677478477,0.11855460820138043,0.7529351710056151
0.4982491365458814,0.12119366626065774,0.7575293517100562
0.49696095403118606,0.12139667072675599,0.7575293517100562
0.4967358767146925,0.12200568412505075,0.7585502807554875
0.49030441529055774,0.12241169305724726,0.7585502807554875
0.489554144864022,0.12261469752334551,0.7585502807554875
0.48846344424434657,0.12281770198944376,0.7590607452782032
0.4864058431799029,0.12281770198944376,0.7595712098009189
0.4830384917716282,0.12302070645554203,0.7595712098009189
0.4823499112560202,0.12362971985383678,0.7595712098009189
0.48175524488123017,0.12383272431993504,0.7603369065849923
0.48045344424729414,0.12383272431993504,0.7605921388463501
0.48043425572143766,0.1244417377182298,0.7608473711077081
0.47453350424715646,0.12464474218432806,0.7611026033690659
0.47441190021626306,0.1248477466504263,0.7611026033690659
0.47027880673786854,0.1416971173365814,0.777947932618683
0.467707833746713,0.1416971173365814,0.7784583971413986
0.465139898886074,0.15529841656516444,0.7927514037774375
0.4651301328349495,0.1555014210312627,0.7927514037774375
0.4638396531178437,0.15651644336175397,0.7937723328228689
0.46307108240734324,0.15671944782785222,0.7937723328228689
0.46247895248069587,0.17092976045473002,0.809086268504339
0.46247823892550266,0.1758018676410881,0.8118938233792752
0.4610144098877831,0.1877791311408851,0.8256763654925983
0.4600276462960884,0.20117742590336987,0.8412455334354262
0.45721279939554477,0.2019894437677629,0.8422664624808576
0.45635014277138114,0.20300446609825415,0.8435426237876468
0.4518433859719486,0.20300446609825415,0.8440530883103624
0.45107751866029105,0.20320747056435243,0.8440530883103624
0.4509151987045761,0.20341047503045068,0.844818785094436
0.4509140770820309,0.20341047503045068,0.8453292496171516
0.4498418741285009,0.20361347949654893,0.8455844818785094
0.44740410395639457,0.20401948842874543,0.8455844818785094
0.44619796701468994,0.20442549736094195,0.8458397141398672
0.44577697969476054,0.20523751522533495,0.8468606431852986
0.44025410176313207,0.20523751522533495,0.8473711077080143
0.440077533831653,0.2054405196914332,0.8473711077080143
0.4397771936558626,0.2054405196914332,0.84788157223073
0.4388725314764823,0.2080795777507105,0.8494129657988769
0.4381938569457971,0.20848558668290704,0.8494129657988769
0.43600234459964055,0.2113276492082826,0.8511995916283819
0.4332036188134324,0.21153065367438084,0.8511995916283819
0.4314282011583663,0.2117336581404791,0.8514548238897397
0.4268245763927608,0.2117336581404791,0.8517100561510975
0.4260543426167323,0.2121396670726756,0.8519652884124553
0.4246390296709405,0.2121396670726756,0.8522205206738132
0.41906213450869934,0.21274868047097037,0.8522205206738132
0.4180403940503642,0.21274868047097037,0.852475752935171
0.4146250128258197,0.21356069833536337,0.854007146503318
0.4145531200197863,0.21356069833536337,0.8542623787646758
0.3989843849755818,0.21416971173365815,0.8542623787646758
0.39484878774620974,0.21640276086073892,0.8575803981623277
0.39358018894438696,0.21680876979293545,0.8575803981623277
0.39315573988317026,0.21680876979293545,0.8580908626850434
0.3919836248330104,0.2170117742590337,0.8580908626850434
0.38772363248415176,0.2174177831912302,0.8580908626850434
0.3864157052023413,0.21822980105562323,0.8583460949464012
0.38399181572202584,0.21883881445391798,0.8583460949464012
0.3784705691149995,0.220462850182704,0.8616641143440531
0.37452601243269973,0.22086885911490053,0.8616641143440531
0.37451883521231855,0.22107186358099878,0.8616641143440531
0.3733526466802082,0.22107186358099878,0.8619193466054109
0.36667092833564685,0.22168087697929353,0.8619193466054109
0.3656956614781805,0.2218838814453918,0.8621745788667687
0.3613940503697921,0.2218838814453918,0.8629402756508423
0.35813592346048784,0.2222898903775883,0.8629402756508423
0.356359988417164,0.2222898903775883,0.8634507401735579
0.35414993663117267,0.22249289484368656,0.8634507401735579
0.35363302491390514,0.22249289484368656,0.8639612046962736
0.353423642922091,0.22289890377588306,0.8639612046962736
0.3493843540517845,0.22289890377588306,0.8644716692189893
0.3491063143710917,0.23853024766544864,0.8708524757529351
0.3457005333541507,0.2391392610637434,0.8708524757529351
0.34523396239630577,0.2391392610637434,0.871107708014293
0.3438559955491195,0.23995127892813642,0.871107708014293
0.34112957871195937,0.23995127892813642,0.8713629402756509
0.33870287195960463,0.24035728786033292,0.8713629402756509
0.3364419050114175,0.24035728786033292,0.8716181725370087
0.33293894270535745,0.24056029232643117,0.8718734047983665
0.3312823309643144,0.24076329679252945,0.8718734047983665
0.3304344637656286,0.2409663012586277,0.8721286370597243
0.32991771907350176,0.24116930572472595,0.8721286370597243
0.32879832055541525,0.24157531465692245,0.8721286370597243
0.32869739658466635,0.24218432805521722,0.8726391015824401
0.32825879426390764,0.24218432805521722,0.8728943338437979
0.32637663562817304,0.2559886317498985,0.8815722307299643
0.3261639304067614,0.2561916362159968,0.8815722307299643
0.32494738645612914,0.26958993097848155,0.8902501276161306
0.3242211139355951,0.26999593991067805,0.8902501276161306
0.32348123963771935,0.26999593991067805,0.8905053598774885
0.321515100047501,0.2701989443767763,0.8905053598774885
0.320579532617263,0.28359723913926105,0.8999489535477284
0.31956454212355684,0.28359723913926105,0.9002041858090862
0.31820675817295563,0.2974015428339423,0.9101582440020418
0.3177660779602979,0.2978075517661389,0.9104134762633997
0.31504998512197024,0.2980105562322371,0.9104134762633997
0.31320915361828516,0.3002436053593179,0.9109239407861154
0.30418848725211073,0.30085261875761266,0.9109239407861154
0.3002323815657441,0.3030856678846935,0.9116896375701888
0.2999482523970729,0.3032886723507917,0.9119448698315467
0.29387966468959553,0.30531871701177427,0.9127105666156202
0.29242118861050176,0.3055217214778725,0.912965798876978
0.29234707924166453,0.30592773041006904,0.912965798876978
0.2911338317635083,0.30592773041006904,0.9134762633996937
0.2907523665126133,0.30613073487616727,0.9134762633996937
0.28715844197482615,0.3085667884693463,0.9147524247064829
0.28271070443099783,0.3087697929354446,0.9147524247064829
0.2817142590069609,0.3091758018676411,0.9147524247064829
0.2813607500468126,0.3093788063337393,0.9147524247064829
0.278717229410778,0.3140479090539992,0.9160285860132721
0.27594306773006994,0.31648396264717826,0.9162838182746299
0.27427313416479104,0.31729598051157126,0.9165390505359877
0.272624338647295,0.3174989849776695,0.9167942827973455
0.27215979233106763,0.31790499390986604,0.9167942827973455
0.2708861379491403,0.31912302070645554,0.9170495150587035
0.27071835185513116,0.3193260251725538,0.9170495150587035
0.2692113503600367,0.32034104750304504,0.9173047473200613
0.26858571409850834,0.3207470564352416,0.9173047473200613
0.2681221420313716,0.3209500609013398,0.9173047473200613
0.2628283016294542,0.3241981323589119,0.9196018376722818
0.26190383786431426,0.32460414129110843,0.9196018376722818
0.2609520444779153,0.3262281770198944,0.9198570699336396
0.2608729298461337,0.3272431993503857,0.9201123021949974
0.25706695211105585,0.3272431993503857,0.9203675344563553
0.253729360431926,0.3272431993503857,0.920877998979071
0.25331510747735997,0.32988225740966304,0.9216436957631444
0.2521791082285146,0.33008526187576126,0.9218989280245024
0.252154393375976,0.33008526187576126,0.9221541602858602
0.2498796044051699,0.33231831100284204,0.9226646248085758
0.24935757252319884,0.33231831100284204,0.9229198570699336
0.2478883797861878,0.3327243199350386,0.9229198570699336
0.24758187772456794,0.3333333333333333,0.9236855538540072
0.24423068958751945,0.3333333333333333,0.9241960183767228
0.23632918203181813,0.3337393422655298,0.9244512506380806
0.2352874461537068,0.33556638246041415,0.925472179683512
0.2346078753418108,0.3451075923670321,0.9272588055130169
0.2343280299783727,0.34693463256191637,0.9282797345584481
0.23430718649203083,0.3471376370280146,0.9282797345584481
0.23380054840078887,0.34957369062119364,0.9293006636038795
0.23300699825619856,0.3497766950872919,0.9293006636038795
0.23286986884958413,0.3516037352821762,0.9293006636038795
0.23058699143664976,0.3520097442143727,0.9295558958652373
0.22655621424166927,0.35363377994315875,0.9295558958652373
0.22640855388319417,0.3570848558668291,0.9298111281265952
0.2259964597056565,0.3572878603329273,0.9298111281265952
0.225960400453053,0.36723507917174175,0.9323634507401736
0.2259385794294787,0.36723507917174175,0.9326186830015314
0.2258356600932485,0.36825010150223303,0.9326186830015314
0.22468257040630144,0.3686561104344296,0.9326186830015314
0.22213986217232698,0.3696711327649208,0.933129147524247
0.22176818419088418,0.37149817295980514,0.9344053088310362
0.22134981105990836,0.3733252131546894,0.934660541092394
0.2209661327110445,0.37352821762078764,0.934660541092394
0.22094096283830592,0.37352821762078764,0.9349157733537519
0.22011449354211915,0.37393422655298414,0.9349157733537519
0.21969287151596323,0.3741372310190824,0.9351710056151098
0.21831135507216926,0.3818514007308161,0.9372128637059725
0.21515970974491389,0.38205440519691436,0.9372128637059725
0.2139907552009076,0.38205440519691436,0.9377233282286881
0.2139134151599834,0.3826634185952091,0.9377233282286881
0.21199018172322098,0.3826634185952091,0.9379785604900459
0.21105868376368406,0.3848964677222899,0.9384890250127617
0.210945566702274,0.3853024766544864,0.9384890250127617
0.20753697013992775,0.38976857490864797,0.9395099540581929
0.2073136085198213,0.3901745838408445,0.9395099540581929
0.2072359411039039,0.3924076329679253,0.9402756508422665
0.2021783519221639,0.4007308160779537,0.9435936702399184
0.2020267678537949,0.40093382054405197,0.9435936702399184
0.20162132851522718,0.4021518473406415,0.9438489025012762
0.20154352057294883,0.402557856272838,0.9438489025012762
0.20008874039400332,0.404181892001624,0.9443593670239918
0.19999370990572474,0.4049939098660171,0.9443593670239918
0.1994142498312737,0.4056029232643118,0.9443593670239918
0.1983528919490875,0.4062119366626066,0.9443593670239918
0.19760533985815962,0.40763296792529435,0.9448698315467075
0.1959705085658854,0.40864799025578563,0.945635528330781
0.1952215999460144,0.4088509947218839,0.945635528330781
0.19449745354229747,0.41209906617945596,0.9466564573762124
0.19292303001920313,0.41331709297604546,0.9466564573762124
0.19290089329921384,0.41372310190824196,0.9469116896375702
0.18941460841121543,0.41412911084043846,0.9469116896375702
0.18916776648990263,0.41412911084043846,0.947166921898928
0.18873000111599597,0.41514413317092974,0.947166921898928
0.18822612735420982,0.4157531465692245,0.9474221541602859
0.18815200703004029,0.4159561510353228,0.9474221541602859
0.18100042231565006,0.42224928948436863,0.9517611026033691
0.17971854087363986,0.4230613073487617,0.9517611026033691
0.179569030392703,0.42549736094194074,0.9530372639101582
0.17796589580420935,0.4287454323995128,0.9545686574783052
0.1777900401980712,0.428948436865611,0.9545686574783052
0.17770041682011797,0.4330085261875761,0.9548238897396631
0.17536400656955792,0.4336175395858709,0.9548238897396631
0.17482157869116471,0.4340235485180674,0.9548238897396631
0.17467739794509865,0.4354445797807552,0.9555895865237366
0.17329238289085908,0.43828664230613074,0.9568657478305258
0.1707426716949962,0.438489646772229,0.9568657478305258
0.17010130176822702,0.4397076735688185,0.9576314446145993
0.16995246723966964,0.4405196914332115,0.9576314446145993
0.1670550396702274,0.44133170929760457,0.9576314446145993
0.1653551612616489,0.4419407226958993,0.9576314446145993
0.16295307617586874,0.4423467316280958,0.9576314446145993
0.16130235028885972,0.44315874949248885,0.9578866768759571
0.15939457196789283,0.44478278522127485,0.9599285349668198
0.15604310748022954,0.4451887941534714,0.9599285349668198
0.15536888454721523,0.4457978075517661,0.9601837672281777
0.1525776385498058,0.4460008120178644,0.9601837672281777
0.15084905089587738,0.4466098254161592,0.9601837672281777
0.15043409165757718,0.44884287454323996,0.9604389994895355
0.15003321473525982,0.4490458790093382,0.9604389994895355
0.14882450823652202,0.450466910272026,0.9609494640122511
0.14784856272308164,0.45066991473812423,0.9609494640122511
0.143512601271615,0.45107592367032073,0.9612046962736089
0.1434073447240065,0.45107592367032073,0.9614599285349669
0.14284226934772748,0.45148193260251723,0.9614599285349669
0.1418828817980658,0.4516849370686155,0.9614599285349669
0.1380832425379909,0.4522939504669103,0.9614599285349669
0.13674738114268437,0.4524969549330085,0.9614599285349669
0.1367225726287887,0.4535119772634998,0.9614599285349669
0.1345682546084285,0.4539179861956963,0.9614599285349669
0.1344125577299887,0.45635403978887534,0.9619703930576825
0.13292639158979774,0.4593991067803492,0.9619703930576825
0.13210003239902943,0.4596021112464474,0.9619703930576825
0.13153577464254426,0.4602111246447422,0.9619703930576825
0.1307940623045319,0.4610231425091352,0.9622256253190403
0.12865425872384115,0.46122614697523345,0.9622256253190403
0.12716911805499412,0.46183516037352823,0.9624808575803981
0.12710126394492602,0.46305318717011773,0.9629913221031138
0.12708861028914936,0.4638652050345108,0.9635017866258295
0.1270129989816488,0.464068209500609,0.9635017866258295
0.12663424643618834,0.4646772228989038,0.9635017866258295
0.12629236487799472,0.4650832318311003,0.9635017866258295
0.12357859527311442,0.4654892407632968,0.9635017866258295
0.1226064437833037,0.46670726755988634,0.9635017866258295
0.12113111535179151,0.4689403166869671,0.964267483409903
0.11961370900989829,0.4699553390174584,0.964267483409903
0.11911112246714055,0.4701583434835566,0.964267483409903
0.11749816113665332,0.4709703613479497,0.964267483409903
0.11749681331213946,0.4715793747462444,0.964267483409903
0.11612733759697445,0.4717823792123427,0.964267483409903
0.1148360488172453,0.47279740154283395,0.964267483409903
0.11408573125130898,0.47360941940722695,0.964267483409903
0.1136514694537974,0.47421843280552173,0.964267483409903
0.11276623812139343,0.4766544863987008,0.964267483409903
0.11178415208908554,0.47766950872919206,0.9647779479326187
0.11161172870319298,0.4778725131952903,0.9647779479326187
0.11061108839340454,0.47848152659358506,0.9647779479326187
0.11007156286324168,0.47888753552578156,0.9647779479326187
0.10990733942348008,0.48030856678846934,0.9650331801939765
0.10967694887233222,0.48030856678846934,0.9655436447166922
0.10956967720281004,0.4817295980511571,0.9655436447166922
0.10901506649457725,0.4827446203816484,0.9655436447166922
0.10885300170619168,0.48294762484774667,0.9655436447166922
0.10858850705591411,0.48294762484774667,0.96579887697805
0.10768379163718449,0.4835566382460414,0.96579887697805
0.1072381868506189,0.5156313438895656,0.9698825931597754
0.1071942937466419,0.5158343483556638,0.9698825931597754
0.10692164913165401,0.5166463662200569,0.9698825931597754
0.10678624323952336,0.5550142103126269,0.9747320061255743
0.10590744901245212,0.5927730410069022,0.979836651352731
0.10495931054869281,0.6258627689809175,0.9844308320571721
0.10286098542893354,0.6262687779131141,0.9844308320571721
0.10278525376710988,0.6295168493706862,0.9844308320571721
0.10232009831643259,0.631749898497767,0.9844308320571721
0.10093967710249933,0.6323589118960617,0.9849412965798877
0.10073807228765834,0.6358099878197321,0.9849412965798877
0.09887391003553185,0.6364190012180267,0.9849412965798877
0.0979630169716756,0.6374340235485181,0.9851965288412455
0.09748553771430676,0.6378400324807145,0.9851965288412455
0.09603772649899187,0.6384490458790093,0.9851965288412455
0.09594181154256985,0.6688997157937474,0.9915773353751914
0.09493858917341085,0.669305724725944,0.9915773353751914
0.09285596928545795,0.670117742590337,0.9915773353751914
0.09279292553681655,0.6707267559886317,0.9915773353751914
0.09142788313445363,0.6711327649208283,0.9915773353751914
0.09134833363123658,0.6733658140479091,0.9918325676365493
0.09009874146694732,0.6739748274462039,0.9918325676365493
0.08997580479863991,0.6772228989037758,0.9920877998979071
0.08665171244762222,0.6778319123020706,0.9920877998979071
0.08646151772299049,0.6794559480308566,0.9923430321592649
0.08635134057217106,0.6798619569630532,0.9923430321592649
0.08620114420612518,0.6800649614291514,0.9923430321592649
0.08345775678629563,0.6810799837596427,0.9923430321592649
0.08336352209500028,0.681282988225741,0.9923430321592649
0.08287551085457671,0.682095006090134,0.9923430321592649
0.08090547742981097,0.682907023954527,0.9923430321592649
0.08085376054780688,0.6843280552172147,0.9925982644206227
0.0791850114398696,0.6847340641494113,0.9925982644206227
0.0781930055226063,0.6851400730816078,0.9925982644206227
0.07812471036463332,0.6857490864799025,0.9925982644206227
0.07542850858508615,0.6863580998781973,0.9925982644206227
0.07390173531199766,0.6869671132764921,0.9925982644206227
0.07259235185039498,0.6875761266747868,0.9925982644206227
0.07256789520951332,0.6887941534713764,0.9928534966819806
0.07130952977873069,0.6892001624035728,0.9931087289433385
0.07116519888790292,0.6902151847340642,0.9933639612046963
0.06980545692888415,0.6906211936662606,0.9933639612046963
0.06923412928954652,0.6912302070645554,0.9933639612046963
0.06866044479224774,0.6920422249289484,0.9936191934660541
0.06640949217669817,0.693260251725538,0.9936191934660541
0.06618458567014021,0.6938692651238327,0.9936191934660541
0.06587894543432223,0.6942752740560292,0.9936191934660541
0.06532650416109308,0.6946812829882257,0.9936191934660541
0.06352929339029142,0.694884287454324,0.9936191934660541
0.06285073681164277,0.6963053187170117,0.9941296579887697
0.06260402069588163,0.6965083231831101,0.9941296579887697
0.06255853850612432,0.6969143321153065,0.9941296579887697
0.06227864336666713,0.6971173365814048,0.9941296579887697
0.061512976857146774,0.6975233455136013,0.9941296579887697
0.05954705047156713,0.6979293544457978,0.9941296579887697
0.058192992364072486,0.7007714169711734,0.9948953547728433
0.056615151723192605,0.7009744214372716,0.9948953547728433
0.055440670947840935,0.7013804303694682,0.9948953547728433
0.05506766264664343,0.7088915956151035,0.9951505870342011
0.05397628461813997,0.7097036134794965,0.9951505870342011
0.05357763765857167,0.717214778725132,0.9954058192955589
0.05350415147898528,0.7176207876573285,0.9954058192955589
0.05340969161820179,0.7178237921234267,0.9954058192955589
0.05232129582757836,0.7186358099878197,0.9954058192955589
0.052064245429617934,0.7208688591149005,0.9961715160796325
0.05085637189384316,0.7265529841656516,0.9964267483409903
0.047614960991001265,0.7273650020300446,0.9964267483409903
0.04704105142604007,0.727568006496143,0.9966819806023481
0.0462488149716561,0.7344701583434835,0.9971924451250638
0.04544897592115718,0.7352821762078766,0.9971924451250638
0.04539381580762573,0.7393422655298416,0.9971924451250638
0.04413046083876746,0.7405602923264312,0.9971924451250638
0.04376724634298164,0.7407632967925294,0.9971924451250638
0.04341181466366956,0.7413723101908242,0.9974476773864216
0.043358213343003944,0.7478684531059683,0.9974476773864216
0.04173254738044723,0.7482744620381648,0.9974476773864216
0.04046946306497705,0.7490864799025578,0.9974476773864216
0.03985049522020632,0.7527405602923264,0.9974476773864216
0.0378567293555501,0.7533495736906212,0.9974476773864216
0.036463046174069244,0.7582216808769793,0.9982133741704952
0.036224982263837094,0.758830694275274,0.9982133741704952
0.03575838676351065,0.7592367032074706,0.9982133741704952
0.03569172715403501,0.759642712139667,0.9982133741704952
0.03417224674047521,0.76045473000406,0.9982133741704952
0.0341576577959993,0.76045473000406,0.998468606431853
0.033788658862537096,0.7608607389362566,0.998468606431853
0.03292204005503002,0.7614697523345514,0.998468606431853
0.032263978042021815,0.7618757612667478,0.998468606431853
0.03212131304402643,0.7626877791311408,0.998468606431853
0.031317905660103784,0.7630937880633374,0.998468606431853
0.03067364901989303,0.768371904181892,0.9987238386932108
0.02850277831803798,0.7706049533089728,0.9987238386932108
0.028415023118408326,0.7714169711733658,0.9987238386932108
0.028135202019026702,0.771619975639464,0.9987238386932108
0.027858954264850713,0.7720259845716606,0.9987238386932108
0.026394882971013497,0.7728380024360536,0.9987238386932108
0.025072946430092825,0.7738530247665448,0.9989790709545686
0.024346732936224406,0.7783191230207065,0.9994895354772844
0.0242827805387483,0.7787251319529029,0.9994895354772844
0.02425746932893385,0.7789281364190013,0.9994895354772844
0.02340184856667811,0.7799431587494925,0.9994895354772844
0.022769372310484492,0.7805521721477873,0.9994895354772844
0.022237746085866657,0.7809581810799837,0.9994895354772844
0.022134355920557833,0.7813641900121803,0.9994895354772844
0.021773835845056877,0.7817701989443768,0.9994895354772844
0.02074098280986641,0.7829882257409663,0.9994895354772844
0.02072960442087701,0.7829882257409663,1.0
0.019890726041170332,0.7842062525375558,1.0
0.019655639743962533,0.7848152659358506,1.0
0.01911804698900466,0.7856272838002436,1.0
0.018904506075154655,0.7858302882663418,1.0
0.017964260645276415,0.7866423061307348,1.0
0.01753113826185618,0.7872513195290296,1.0
0.017430790664520048,0.7878603329273244,1.0
0.01741456417792891,0.7880633373934226,1.0
0.01684506401528341,0.7886723507917174,1.0
0.016766091034230258,0.7890783597239139,1.0
0.015786978192654504,0.7894843686561104,1.0
0.015418822053900797,0.7898903775883069,1.0
0.015181298220342256,0.7907023954526999,1.0
0.014662078284284584,0.7917174177831913,1.0
0.014365645871547919,0.792326431181486,1.0
0.014302485264565963,0.7925294356475843,1.0
0.014275177387078501,0.793138449045879,1.0
0.014228376298671304,0.793950466910272,1.0
0.014133934952943588,0.7941534713763703,1.0
0.014075160245736294,0.7945594803085668,1.0
0.013717066502063216,0.7949654892407633,1.0
0.013314327464570556,0.7969955339017458,1.0
0.012911635216073407,0.7978075517661388,1.0
0.012854371228608552,0.7980105562322372,1.0
0.012704446879534925,0.7984165651644336,1.0
0.012694133927167665,0.8000406008932196,1.0
0.012108405483405481,0.8004466098254162,1.0
0.011901512612415555,0.8010556232237109,1.0
0.011418532713927955,0.8018676410881039,1.0
0.011276128886860146,0.8022736500203005,1.0
0.011180320012899923,0.8026796589524969,1.0
0.011068849615655936,0.8034916768168899,1.0
0.010799017266019785,0.804303694681283,1.0
0.010742489501087608,0.8045066991473813,1.0
0.010678515008925615,0.8055217214778725,1.0
0.010623651048546632,0.8057247259439708,1.0
0.010605260225060358,0.8069427527405603,1.0
0.0105703020070611,0.8077547706049533,1.0
0.010219252794684665,0.808363784003248,1.0
0.010218981065760118,0.8085667884693464,1.0
0.010153289363127165,0.8095818107998376,1.0
0.010052903805167678,0.8099878197320342,1.0
0.009960899946118047,0.8112058465286236,1.0
0.009891590462767955,0.8136419001218027,1.0
0.009853761724015237,0.8140479090539992,1.0
0.009598469884737617,0.8148599269183922,1.0
0.00956964199474109,0.8156719447827853,1.0
0.009393279965648387,0.8158749492488835,1.0
0.009300807743169173,0.8166869671132765,1.0
0.009206925961309677,0.8172959805115713,1.0
0.00918756536352649,0.8177019894437678,1.0
0.009162324781863341,0.8185140073081608,1.0
0.0091284323624473,0.8189200162403573,1.0
0.009045085940354131,0.8191230207064556,1.0
0.009028454775387846,0.819529029638652,1.0
0.008762429536351108,0.8197320341047503,1.0
0.00875525018831467,0.8205440519691434,1.0
0.0087502273164889,0.8209500609013398,1.0
0.008554911902026724,0.8215590742996346,1.0
0.00849385375288882,0.8219650832318312,1.0
0.008468961283966242,0.8225740966301258,1.0
0.008407026563521524,0.8231831100284206,1.0
0.008389650193721697,0.8262281770198945,1.0
0.008219558243330096,0.8268371904181891,1.0
0.008181995304059313,0.8278522127486805,1.0
0.00796516966696054,0.8284612261469753,1.0
0.007896435976106066,0.829882257409663,1.0
0.007806639086600393,0.8304912708079578,1.0
0.007678605227889791,0.8321153065367438,1.0
0.0074470152333183486,0.832318311002842,1.0
0.007378970510802305,0.8329273244011368,1.0
0.007235449760550731,0.833130328867235,1.0
0.007218057819539574,0.8335363377994316,1.0
0.007034299062755132,0.8341453511977264,1.0
0.006988043629795904,0.8349573690621194,1.0
0.006923471624422127,0.8353633779943159,1.0
0.006911048036068924,0.8371904181892001,1.0
0.006877574469871055,0.8375964271213967,1.0
0.006841313325892877,0.8377994315874949,1.0
0.006836270447172359,0.8382054405196915,1.0
0.006704463242860114,0.8386114494518879,1.0
0.006698985730725158,0.8412505075111653,1.0
0.006655512411490166,0.8414535119772635,1.0
0.00661967054534303,0.8430775477060495,1.0
0.006500351774096509,0.8438895655704426,1.0
0.006298435839754726,0.8463256191636216,1.0
0.006297058838111618,0.8471376370280146,1.0
0.0062438880108500764,0.8473406414941129,1.0
0.006131554000278595,0.8485586682907024,1.0
0.005942985533130004,0.8493706861550954,1.0
0.005929067085373889,0.8495736906211937,1.0
0.0059157692213253395,0.8503857084855867,1.0
0.005808143148758524,0.8505887129516849,1.0
0.00579710804180362,0.8511977263499797,1.0
0.00576265787703233,0.8516037352821763,1.0
0.005743018861962406,0.8518067397482745,1.0
0.005693274669029799,0.8526187576126675,1.0
0.0056437143727620384,0.853024766544864,1.0
0.005618172110954412,0.8532277710109623,1.0
0.005591218388837502,0.8574908647990256,1.0
0.005342456806795491,0.8607389362565977,1.0
0.00534138094894508,0.8611449451887941,1.0
0.005313920047855734,0.8619569630531871,1.0
0.005260812933974699,0.865002030044661,1.0
0.005231470634804678,0.865814047909054,1.0
0.0052010380573171274,0.8660170523751523,1.0
0.005161912500303737,0.866626065773447,1.0
0.005082516598409435,0.8670320747056435,1.0
0.005042152135809742,0.868250101502233,1.0
0.005004063373242976,0.8692651238327244,1.0
0.0049126629091417705,0.8696711327649208,1.0
0.004825520010600732,0.8733252131546894,1.0
0.004714587122529376,0.8737312220868859,1.0
0.004710034384213833,0.8745432399512789,1.0
0.004686321031669835,0.8761672756800649,1.0
0.004539294842069721,0.8767762890783597,1.0
0.004499132197990379,0.8773853024766545,1.0
0.004419742825165797,0.8808363784003248,1.0
0.004158108833880581,0.8812423873325214,1.0
0.004149433431926572,0.8816483962647178,1.0
0.004047123681830854,0.8822574096630126,1.0
0.004040510620595067,0.8828664230613074,1.0
0.004012934501919657,0.8836784409257004,1.0
0.003948486939710279,0.8840844498578969,1.0
0.003940787164804016,0.8869265123832725,1.0
0.0039081155765703715,0.8911896061713358,1.0
0.0038919078070046775,0.8915956151035322,1.0
0.0038610875121685095,0.8926106374340236,1.0
0.0037820297518573382,0.8932196508323184,1.0
0.003769342540690474,0.8934226552984166,1.0
0.0036002423211021263,0.893828664230613,1.0
0.003596501523614527,0.8946406820950061,1.0
0.0035142014631814812,0.8950466910272026,1.0
0.0035127756885988213,0.8968737312220869,1.0
0.003414464985037422,0.8972797401542834,1.0
0.0034028532280557444,0.8987007714169711,1.0
0.003401960681730185,0.9031668696711328,1.0
0.0033999406005193683,0.903369874137231,1.0
0.0033312977916390217,0.9037758830694276,1.0
0.003306624455539299,0.9045879009338206,1.0
0.00321146710002023,0.9123020706455542,1.0
0.003182070738872244,0.9139261063743402,1.0
0.0030272868876378596,0.9141291108404385,1.0
0.0028598956653488766,0.9149411287048315,1.0
0.002814783632317229,0.9155501421031262,1.0
0.0027965276264167393,0.9157531465692246,1.0
0.002766920761526142,0.916971173365814,1.0
0.002757435744568098,0.9171741778319124,1.0
0.0026742713081375413,0.9179861956963054,1.0
0.002639988745131301,0.9194072269589931,1.0
0.0026094744078922864,0.9196102314250914,1.0
0.002596469026424864,0.9200162403572879,1.0
0.002561220211634362,0.9206252537555826,1.0
0.0025525111609941385,0.9208282582216809,1.0
0.002537434022471556,0.9212342671538774,1.0
0.0024732872804730955,0.9311814859926918,1.0
0.002237407321318774,0.9319935038570849,1.0
0.0022339483588646523,0.9326025172553796,1.0
0.0022226700088008406,0.9328055217214779,1.0
0.0021207456095119763,0.9342265529841657,1.0
0.0021202295001748954,0.9350385708485587,1.0
0.0020233125216604503,0.9352415753146569,1.0
0.0020068740033176193,0.9362565976451482,1.0
0.001986468696995013,0.9364596021112465,1.0
0.0019403294094856333,0.9437677628907836,1.0
0.0019160301206545467,0.9449857896873731,1.0
0.0018795035255481504,0.9451887941534713,1.0
0.0017985419630156473,0.9455948030856679,1.0
0.0017823234155781326,0.9460008120178643,1.0
0.0017712261710535117,0.9464068209500609,1.0
0.0016940217391304346,0.9480308566788469,1.0
0.001651380284553203,0.9492488834754365,1.0
0.001527929987148312,0.9508729192042225,1.0
0.001513960358299981,0.952090946000812,1.0
0.0015044194474022653,0.952902963865205,1.0
0.0014905653895641335,0.9549330085261876,1.0
0.0014211727311565698,0.9553390174583841,1.0
0.0014128389405219186,0.9608201380430369,1.0
0.0013464301503094609,0.9610231425091352,1.0
0.0013371788745534393,0.9663012586276898,1.0
0.0012958802202382325,0.9665042630937881,1.0
0.0012898293145667096,0.9671132764920828,1.0
0.0012167057234396062,0.9681282988225741,1.0
0.0011931818181818183,0.9685343077547706,1.0
0.0011350019516003123,0.9687373122208689,1.0
0.0010431956485881125,0.976857490864799,1.0
0.0009751232631107127,0.9770604953308972,1.0
0.0009718112712808168,0.9778725131952903,1.0
0.0009644245629286198,0.978481526593585,1.0
0.0009513685239491692,0.9792935444579781,1.0
0.0008179942927696583,0.9859926918392204,1.0
0.0007206187254474028,0.9866017052375152,1.0
0.0005086914534041526,0.9878197320341048,1.0
0.0005058018365454525,0.9894437677628908,1.0
0.0003935185185185185,0.9906617945594803,1.0
0.000383763472928559,0.9920828258221681,1.0
0.00026986228813559324,0.9949248883475437,1.0
0.0002472191050531801,0.9969549330085262,1.0
0.00010740878629932987,0.9977669508729192,1.0
0.0,1.0,1.0
